,subreddit,title,selftext,upvote_ratio,ups,downs,score,created_utc,id,kind,wines_mentioned_in_title,wines_mentioned_in_selftext,total_mentions
0,r/wine,champagne and in-n-out to celebrate becoming a us citizen!,,0.97,2127.0,0.0,2127.0,2021-03-03 18:30:23,lxaj0v,t3,['Champagne'],,['Champagne']
22,r/wine,i'm an artist who just sold my *first* painting! celebrating with a half bottle of champagne (what i could afford) and some fried chicken üòÅ,,0.99,899.0,0.0,899.0,2021-04-09 14:01:38,mnqlf7,t3,['Champagne'],,['Champagne']
51,r/wine,getting in on that champagne and fried chicken!,,0.95,729.0,0.0,729.0,2021-04-01 05:08:53,mhtw9m,t3,['Champagne'],,['Champagne']
81,r/wine,it's my birthday and i only knew one way to celebrate. champagne and fried chicken! 2013 mailly l'intemporelle grand cru.,,0.98,624.0,0.0,624.0,2021-03-11 16:00:52,m34fe3,t3,['Champagne'],,['Champagne']
172,r/wine,"opening a bottle of champagne with port wine tongs. s√∏ren ledet, restaurant geranium, copenhagen. (x-post from r/gifs)",,0.97,491.0,0.0,491.0,2019-01-20 16:33:11,ai4edr,t3,['Champagne'],,['Champagne']
200,r/wine,i hear you all like champagne &amp; fried chicken...,,0.97,460.0,0.0,460.0,2021-01-19 02:30:02,l0h9m2,t3,['Champagne'],,['Champagne']
209,r/wine,crunch wrap supreme and champagne,,0.96,460.0,0.0,460.0,2021-03-26 18:42:28,me3u6e,t3,['Champagne'],,['Champagne']
260,r/wine,"no waffle iron in house so had to go with buttermilk pancakes, fried chicken and champagne üçæ [laherte freres: blanc de blancs brut nature champagne n.v]",,0.97,413.0,0.0,413.0,2021-02-25 10:08:48,lscthz,t3,['Champagne'],,['Champagne']
276,r/wine,heard you guys like champagne and fried chicken,,0.97,405.0,0.0,405.0,2021-01-17 12:36:11,kzeeq5,t3,['Champagne'],,['Champagne']
315,r/wine,was mocked by another table for asking questions,"was having a great date night with my wife. we were ordering dessert and i asked for 2 glass of champagne/cava/whatever bubbles they have by the glass. 

it wasn‚Äôt a white tablecloth place, but they pour glasses at the table. 

since i wasn‚Äôt sure what it was, i asked.

at that point the couple next to us scoffed and the husband said ‚Äúit has bubbles, it‚Äôs champagne, it‚Äôs from france.‚Äù

well, asshole, it was actually cremant d‚Äôalsace.",0.97,382.0,0.0,382.0,2019-07-12 07:30:11,ccbkjs,t3,,['Champagne'],['Champagne']
323,r/wine,new year‚Äôs resolution: drink more champagne - first bottle of 2021,,0.99,374.0,0.0,374.0,2021-01-12 03:56:53,kvqb2f,t3,['Champagne'],,['Champagne']
359,r/wine,opening a bottle of champagne with port wine tongs,,0.97,361.0,0.0,361.0,2020-10-28 21:26:25,jk3ld4,t3,['Champagne'],,['Champagne']
404,r/wine,fried chicken and champagne! saving the good stuff for a special occasion. this nv will have to do for today.,,0.93,332.0,0.0,332.0,2020-05-29 23:59:23,gt9vj5,t3,['Champagne'],,['Champagne']
429,r/wine,"it started off as a bit of a joke, but we realiaed that champagne is a genuinely good pairing for fried chicken.",,0.96,320.0,0.0,320.0,2018-08-02 07:14:39,93zmi7,t3,['Champagne'],,['Champagne']
447,r/wine,celebrated achieving my new years resolution of running 1000 miles this year with the infamous fried chicken with fries and champagne. if you‚Äôre in the south of the us you know about bojangles‚Äô haha.,,0.99,326.0,0.0,326.0,2020-12-26 17:58:01,kkuv2e,t3,['Champagne'],,['Champagne']
528,r/wine,meeting of the mods pt. ii: /u/champagnefloozy comes to my house again after 5 years and we drink epic wine,,0.99,297.0,0.0,297.0,2021-06-06 16:53:21,ntz1za,t3,['Champagne'],,['Champagne']
529,r/wine,alfred gratien mill√©sim√© champagne 2005,,0.99,297.0,0.0,297.0,2021-02-28 09:29:22,luld4g,t3,['Champagne'],,['Champagne']
577,r/wine,wanted: empty champagne bottles for my new quarantine project. happy to pay for the cost of shipping to ca üçæ,,0.99,281.0,0.0,281.0,2020-06-01 22:28:52,gv1a4z,t3,['Champagne'],,['Champagne']
595,r/wine,this champagne from ulysse collin is more like a bourgogne with bubbles,,0.99,277.0,0.0,277.0,2020-09-14 04:58:30,isjgwg,t3,['Champagne'],,['Champagne']
624,r/wine,high speed camera captures supersonic shock waves launch from a bottle of champagne being opened,,0.91,270.0,0.0,270.0,2019-09-27 23:57:13,dacp3u,t3,['Champagne'],,['Champagne']
691,r/wine,"‚Ä™wow üò≤ ‚Ä¨looks like last night was freezing cold in champagne, france ü•∂ ‚Ä¨ üçæ ‚ùÑÔ∏è üá´üá∑ü•Ç‚Ä¨",,0.97,256.0,0.0,256.0,2019-04-14 01:16:23,bd0p3y,t3,['Champagne'],,['Champagne']
697,r/wine,enjoying the champagne right next to the vines it came from 12 years ago!,,0.98,255.0,0.0,255.0,2020-02-16 06:07:35,f4r2y7,t3,['Champagne'],,['Champagne']
699,r/wine,"champagne delivery, anyone?",,0.97,256.0,0.0,256.0,2019-08-14 10:00:33,cqci1i,t3,['Champagne'],,['Champagne']
768,r/wine,realized i wasn‚Äôt drinking enough champagne,,0.99,242.0,0.0,242.0,2020-10-19 17:35:05,jeerb7,t3,['Champagne'],,['Champagne']
796,r/wine,"my friend opened his own pizza place, so i came to visit him with a bottle of my champagne",,0.83,235.0,0.0,235.0,2020-07-18 08:30:26,htigel,t3,['Champagne'],,['Champagne']
805,r/wine,champagne from the night of the moon landing,,0.98,234.0,0.0,234.0,2019-07-22 23:59:33,cgp83e,t3,['Champagne'],,['Champagne']
826,r/wine,favorite champagne house? check. favorite type of champagne? check. favorite vintage? check.,,0.99,233.0,0.0,233.0,2020-06-07 11:07:45,gyh6in,t3,['Champagne'],,['Champagne']
836,r/wine,easter sunday has to be special... so i brought out more champagne to celebrate!,,0.98,230.0,0.0,230.0,2020-04-12 09:44:54,g002gm,t3,['Champagne'],,['Champagne']
851,r/wine,a very special bottle of champagne for a very special occasion,,0.98,229.0,0.0,229.0,2020-08-23 08:02:07,if4o2q,t3,['Champagne'],,['Champagne']
868,r/wine,last champagne post from me before heading to mosel for a week,,0.99,224.0,0.0,224.0,2020-07-24 05:21:06,hx0s64,t3,['Champagne'],,['Champagne']
976,r/wine,perrier-jou√´t grand brut champagne,,0.95,211.0,0.0,211.0,2020-01-18 14:15:25,eqna8r,t3,['Champagne'],,['Champagne']
986,r/wine,my wine from sunday evening -- 1979 perrier-jou√´t fleur de champagne,,0.98,206.0,0.0,206.0,2020-03-09 10:52:09,ffynam,t3,['Champagne'],,['Champagne']
